0,camminata
1,camminata
2,camminata
3,camminata
4,camminata
5,camminata
6,camminata
7,camminata
8,camminata
9,camminata
10,camminata
11,camminata
12,camminata
13,camminata
14,camminata
15,camminata
16,camminata
17,camminata
18,camminata
19,camminata
20,camminata
21,camminata
22,camminata
23,camminata
24,camminata
25,camminata
26,camminata
27,camminata
28,camminata
29,camminata
30,camminata
31,camminata
32,camminata
33,camminata
34,camminata
35,camminata
36,camminata
37,camminata
38,camminata
39,camminata
40,camminata
41,camminata
42,camminata
43,camminata
44,camminata
45,camminata
46,camminata
47,camminata
48,camminata
49,camminata
50,camminata
51,camminata
52,camminata
53,camminata
54,camminata
55,camminata
56,camminata
57,camminata
58,camminata
59,camminata
60,camminata
61,camminata
62,camminata
63,camminata
64,camminata
65,camminata
66,camminata
67,camminata
68,camminata
69,camminata
70,camminata
71,camminata
72,camminata
73,camminata
74,camminata
75,camminata
76,camminata
77,camminata
78,camminata
79,camminata
80,camminata
81,camminata
82,camminata
83,camminata
84,camminata
85,camminata
86,camminata
87,camminata
88,camminata
89,camminata
90,camminata
91,camminata
92,camminata
93,camminata
94,camminata
95,camminata
96,camminata
97,camminata
98,camminata
99,camminata
100,camminata
101,camminata
102,camminata
103,camminata
104,camminata
105,camminata
106,camminata
107,camminata
108,camminata
109,camminata
110,camminata
111,camminata
112,camminata
113,camminata
114,camminata
115,camminata
116,camminata
117,camminata
118,camminata
119,camminata
120,camminata
121,camminata
122,camminata
123,camminata
124,camminata
125,camminata
126,camminata
127,camminata
128,camminata
129,camminata
130,camminata
131,camminata
132,camminata
133,camminata
134,camminata
135,camminata
136,camminata
137,camminata
138,camminata
139,camminata
140,camminata
141,camminata
142,camminata
143,camminata
144,camminata
145,camminata
146,camminata
147,camminata
148,camminata
149,camminata
150,camminata
151,camminata
152,camminata
153,camminata
154,camminata
155,camminata
156,camminata
157,camminata
158,camminata
159,camminata
160,camminata
161,camminata
162,camminata
163,camminata
164,camminata
165,camminata
166,camminata
167,camminata
168,camminata
169,camminata
170,camminata
171,camminata
172,camminata
173,camminata
174,camminata
175,camminata
176,camminata
177,camminata
178,camminata
179,camminata
180,camminata
181,camminata
182,camminata
183,camminata
184,camminata
185,camminata
186,camminata
187,camminata
188,camminata
189,camminata
190,camminata
191,camminata
192,camminata
193,camminata
194,camminata
195,camminata
196,camminata
197,camminata
198,camminata
199,camminata
200,camminata
201,camminata
202,camminata
203,camminata
204,camminata
205,camminata
206,camminata
207,camminata
208,camminata
209,camminata
210,camminata
211,camminata
212,camminata
213,camminata
214,camminata
215,camminata
216,camminata
217,camminata
218,camminata
219,camminata
220,camminata
221,camminata
222,camminata
223,camminata
224,camminata
225,camminata
226,camminata
227,camminata
228,camminata
229,camminata
230,camminata
231,camminata
232,camminata
233,camminata
234,camminata
235,camminata
236,camminata
237,camminata
238,camminata
239,camminata
240,camminata
241,camminata
242,camminata
243,camminata
244,camminata
245,camminata
246,camminata
247,camminata
248,camminata
249,camminata
250,camminata
251,camminata
252,camminata
253,camminata
254,camminata
255,camminata
256,camminata
257,camminata
258,camminata
259,camminata
260,camminata
261,camminata
262,camminata
263,camminata
264,camminata
265,camminata
266,camminata
267,camminata
268,camminata
269,camminata
270,camminata
271,camminata
272,camminata
273,camminata
274,camminata
275,camminata
276,camminata
277,camminata
278,camminata
279,camminata
280,camminata
281,camminata
282,camminata
283,camminata
284,camminata
285,camminata
286,camminata
287,camminata
288,camminata
289,camminata
290,camminata
291,camminata
292,camminata
293,camminata
294,camminata
295,camminata
296,camminata
297,camminata
298,camminata
299,camminata
300,camminata
301,camminata
302,camminata
303,camminata
304,camminata
305,camminata
306,camminata
307,camminata
308,camminata
309,camminata
310,camminata
311,camminata
312,camminata
313,camminata
314,camminata
315,camminata
316,camminata
317,camminata
318,camminata
319,camminata
320,camminata
321,camminata
322,camminata
323,camminata
324,camminata
325,camminata
326,camminata
327,camminata
328,camminata
329,camminata
330,camminata
331,camminata
332,camminata
333,camminata
334,camminata
335,camminata
336,camminata
337,camminata
338,camminata
339,camminata
340,camminata
341,camminata
342,camminata
343,camminata
344,camminata
345,camminata
346,camminata
347,camminata
348,camminata
349,camminata
350,camminata
351,camminata
352,camminata
353,camminata
354,camminata
355,camminata
356,camminata
357,camminata
358,camminata
359,camminata
360,camminata
361,camminata
362,camminata
363,camminata
364,camminata
365,camminata
366,camminata
367,camminata
368,camminata
369,camminata
370,camminata
371,camminata
372,camminata
373,camminata
374,camminata
375,camminata
376,camminata
377,camminata
378,camminata
379,camminata
380,camminata
381,camminata
382,camminata
383,camminata
384,camminata
385,camminata
386,camminata
387,camminata
388,camminata
389,camminata
390,camminata
391,camminata
392,camminata
393,camminata
394,camminata
395,camminata
396,camminata
397,camminata
398,camminata
399,camminata
400,camminata
401,camminata
402,camminata
403,camminata
404,camminata
405,camminata
406,camminata
407,camminata
408,camminata
409,camminata
410,camminata
411,camminata
412,camminata
413,camminata
414,camminata
415,camminata
416,camminata
417,camminata
418,camminata
419,camminata
420,camminata
421,camminata
422,camminata
423,camminata
424,camminata
425,camminata
426,camminata
427,camminata
428,camminata
429,camminata
430,camminata
431,camminata
432,camminata
433,camminata
434,camminata
435,camminata
436,camminata
437,camminata
438,camminata
439,camminata
440,camminata
441,camminata
442,camminata
443,camminata
444,camminata
445,camminata
446,camminata
447,camminata
448,camminata
449,camminata
450,camminata
451,camminata
452,camminata
453,camminata
454,camminata
455,camminata
456,camminata
457,camminata
458,camminata
459,camminata
460,camminata
461,camminata
462,camminata
463,camminata
464,camminata
465,camminata
466,camminata
467,camminata
468,camminata
469,camminata
470,camminata
471,camminata
472,camminata
473,camminata
474,camminata
475,camminata
476,camminata
477,camminata
478,camminata
479,camminata
480,camminata
481,camminata
482,camminata
483,camminata
484,camminata
485,camminata
486,camminata
487,camminata
488,camminata
489,camminata
490,camminata
491,camminata
492,camminata
493,camminata
494,camminata
495,camminata
496,camminata
497,camminata
498,camminata
499,camminata
500,camminata
501,camminata
502,camminata
503,camminata
504,camminata
505,camminata
506,camminata
507,camminata
508,camminata
509,camminata
510,camminata
511,camminata
512,camminata
513,camminata
514,camminata
515,camminata
516,camminata
517,camminata
518,camminata
519,camminata
520,camminata
521,camminata
522,camminata
523,camminata
524,camminata
525,camminata
526,camminata
527,camminata
528,camminata
529,camminata
530,camminata
531,camminata
532,camminata_tasca
533,camminata_tasca
534,camminata_tasca
535,camminata_tasca
536,camminata_tasca
537,camminata_tasca
538,camminata_tasca
539,camminata_tasca
540,camminata_tasca
541,camminata_tasca
542,camminata_tasca
543,camminata_tasca
544,camminata_tasca
545,camminata_tasca
546,camminata_tasca
547,camminata_tasca
548,camminata_tasca
549,camminata_tasca
550,camminata_tasca
551,camminata_tasca
552,camminata_tasca
553,camminata_tasca
554,camminata_tasca
555,camminata_tasca
556,camminata_tasca
557,camminata_tasca
558,camminata_tasca
559,camminata_tasca
560,camminata_tasca
561,camminata_tasca
562,camminata_tasca
563,camminata_tasca
564,camminata_tasca
565,camminata_tasca
566,camminata_tasca
567,camminata_tasca
568,camminata_tasca
569,camminata_tasca
570,camminata_tasca
571,camminata_tasca
572,camminata_tasca
573,camminata_tasca
574,camminata_tasca
575,camminata_tasca
576,camminata_tasca
577,camminata_tasca
578,camminata_tasca
579,camminata_tasca
580,camminata_tasca
581,camminata_tasca
582,camminata_tasca
583,camminata_tasca
584,camminata_tasca
585,camminata_tasca
586,camminata_tasca
587,camminata_tasca
588,camminata_tasca
589,camminata_tasca
590,camminata_tasca
591,camminata_tasca
592,camminata_tasca
593,camminata_tasca
594,camminata_tasca
595,camminata_tasca
596,camminata_tasca
597,camminata_tasca
598,camminata_tasca
599,camminata_tasca
600,camminata_tasca
601,camminata_tasca
602,camminata_tasca
603,camminata_tasca
604,camminata_tasca
605,camminata_tasca
606,camminata_tasca
607,camminata_tasca
608,camminata_tasca
609,camminata_tasca
610,camminata_tasca
611,camminata_tasca
612,camminata_tasca
613,camminata_tasca
614,camminata_tasca
615,camminata_tasca
616,camminata_tasca
617,camminata_tasca
618,camminata_tasca
619,camminata_tasca
620,camminata_tasca
621,camminata_tasca
622,camminata_tasca
623,camminata_tasca
624,camminata_tasca
625,camminata_tasca
626,camminata_tasca
627,camminata_tasca
628,camminata_tasca
629,camminata_tasca
630,camminata_tasca
631,camminata_tasca
632,camminata_tasca
633,camminata_tasca
634,camminata_tasca
635,camminata_tasca
636,camminata_tasca
637,camminata_tasca
638,camminata_tasca
639,camminata_tasca
640,camminata_tasca
641,camminata_tasca
642,camminata_tasca
643,camminata_tasca
644,camminata_tasca
645,camminata_tasca
646,camminata_tasca
647,camminata_tasca
648,camminata_tasca
649,camminata_tasca
650,camminata_tasca
651,camminata_tasca
652,camminata_tasca
653,camminata_tasca
654,camminata_tasca
655,camminata_tasca
656,camminata_tasca
657,camminata_tasca
658,camminata_tasca
659,camminata_tasca
660,camminata_tasca
661,camminata_tasca
662,camminata_tasca
663,camminata_tasca
664,camminata_tasca
665,camminata_tasca
666,camminata_tasca
667,camminata_tasca
668,camminata_tasca
669,camminata_tasca
670,camminata_tasca
671,camminata_tasca
672,camminata_tasca
673,camminata_tasca
674,camminata_tasca
675,camminata_tasca
676,camminata_tasca
677,camminata_tasca
678,camminata_tasca
679,camminata_tasca
680,camminata_tasca
681,camminata_tasca
682,camminata_tasca
683,camminata_tasca
684,camminata_tasca
685,camminata_tasca
686,camminata_tasca
687,camminata_tasca
688,camminata_tasca
689,camminata_tasca
690,camminata_tasca
691,camminata_tasca
692,camminata_tasca
693,camminata_tasca
694,camminata_tasca
695,camminata_tasca
696,camminata_tasca
697,camminata_tasca
698,camminata_tasca
699,camminata_tasca
700,camminata_tasca
701,camminata_tasca
702,camminata_tasca
703,camminata_tasca
704,camminata_tasca
705,camminata_tasca
706,camminata_tasca
707,camminata_tasca
708,camminata_tasca
709,camminata_tasca
710,camminata_tasca
711,camminata_tasca
712,camminata_tasca
713,camminata_tasca
714,camminata_tasca
715,camminata_tasca
716,camminata_tasca
717,camminata_tasca
718,camminata_tasca
719,camminata_tasca
720,camminata_tasca
721,camminata_tasca
722,camminata_tasca
723,camminata_tasca
724,camminata_tasca
725,camminata_tasca
726,camminata_tasca
727,camminata_tasca
728,camminata_tasca
729,camminata_tasca
730,camminata_tasca
731,camminata_tasca
732,camminata_tasca
733,camminata_tasca
734,camminata_tasca
735,camminata_tasca
736,camminata_tasca
737,camminata_tasca
738,camminata_tasca
739,camminata_tasca
740,camminata_tasca
741,camminata_tasca
742,camminata_tasca
743,camminata_tasca
744,camminata_tasca
745,camminata_tasca
746,camminata_tasca
747,camminata_tasca
748,camminata_tasca
749,camminata_tasca
750,camminata_tasca
751,camminata_tasca
752,camminata_tasca
753,camminata_tasca
754,camminata_tasca
755,camminata_tasca
756,camminata_tasca
757,camminata_tasca
758,camminata_tasca
759,camminata_tasca
760,camminata_tasca
761,camminata_tasca
762,camminata_tasca
763,camminata_tasca
764,camminata_tasca
765,camminata_tasca
766,camminata_tasca
767,camminata_tasca
768,camminata_tasca
769,camminata_tasca
770,camminata_tasca
771,camminata_tasca
772,camminata_tasca
773,camminata_tasca
774,camminata_tasca
775,camminata_tasca
776,camminata_tasca
777,camminata_tasca
778,camminata_tasca
779,camminata_tasca
780,camminata_tasca
781,camminata_tasca
782,camminata_tasca
783,camminata_tasca
784,camminata_tasca
785,camminata_tasca
786,camminata_tasca
787,camminata_tasca
788,camminata_tasca
789,camminata_tasca
790,camminata_tasca
791,camminata_tasca
792,camminata_tasca
793,camminata_tasca
794,camminata_tasca
795,camminata_tasca
796,camminata_tasca
797,camminata_tasca
798,camminata_tasca
799,camminata_tasca
800,camminata_tasca
801,camminata_tasca
802,camminata_tasca
803,camminata_tasca
804,camminata_tasca
805,camminata_tasca
806,camminata_tasca
807,camminata_tasca
808,camminata_tasca
809,camminata_tasca
810,camminata_tasca
811,camminata_tasca
812,camminata_tasca
813,camminata_tasca
814,camminata_tasca
815,camminata_tasca
816,camminata_tasca
817,camminata_tasca
818,camminata_tasca
819,camminata_tasca
820,camminata_tasca
821,camminata_tasca
822,camminata_tasca
823,camminata_tasca
824,camminata_tasca
825,camminata_tasca
826,camminata_tasca
827,camminata_tasca
828,camminata_tasca
829,camminata_tasca
830,camminata_tasca
831,camminata_tasca
832,camminata_tasca
833,camminata_tasca
834,camminata_tasca
835,camminata_tasca
836,camminata_tasca
837,camminata_tasca
838,camminata_tasca
839,camminata_tasca
840,camminata_tasca
841,camminata_tasca
842,camminata_tasca
843,camminata_tasca
844,camminata_tasca
845,camminata_tasca
846,camminata_tasca
847,camminata_tasca
848,camminata_tasca
849,camminata_tasca
850,camminata_tasca
851,camminata_tasca
852,camminata_tasca
853,camminata_tasca
854,camminata_tasca
855,camminata_tasca
856,camminata_tasca
857,camminata_tasca
858,camminata_tasca
859,camminata_tasca
860,camminata_tasca
861,camminata_tasca
862,camminata_tasca
863,camminata_tasca
864,camminata_tasca
865,camminata_tasca
866,camminata_tasca
867,camminata_tasca
868,camminata_tasca
869,camminata_tasca
870,camminata_tasca
871,camminata_tasca
872,camminata_tasca
873,camminata_tasca
874,camminata_tasca
875,camminata_tasca
876,camminata_tasca
877,camminata_tasca
878,camminata_tasca
879,camminata_tasca
880,camminata_tasca
881,camminata_tasca
882,camminata_tasca
883,camminata_tasca
884,camminata_tasca
885,camminata_tasca
886,camminata_tasca
887,camminata_tasca
888,camminata_tasca
889,camminata_tasca
890,camminata_tasca
891,camminata_tasca
892,camminata_tasca
893,camminata_tasca
894,camminata_tasca
895,camminata_tasca
896,camminata_tasca
897,camminata_tasca
898,camminata_tasca
899,camminata_tasca
900,camminata_tasca
901,camminata_tasca
902,camminata_tasca
903,camminata_tasca
904,camminata_tasca
905,camminata_tasca
906,camminata_tasca
907,camminata_tasca
908,camminata_tasca
909,camminata_tasca
910,camminata_tasca
911,camminata_tasca
912,camminata_tasca
913,camminata_tasca
914,camminata_tasca
915,camminata_tasca
916,camminata_tasca
917,camminata_tasca
918,camminata_tasca
919,camminata_tasca
920,camminata_tasca
921,camminata_tasca
922,camminata_tasca
923,camminata_tasca
924,camminata_tasca
925,camminata_tasca
926,camminata_tasca
927,camminata_tasca
928,camminata_tasca
929,camminata_tasca
930,camminata_tasca
931,camminata_tasca
932,camminata_tasca
933,camminata_tasca
934,camminata_tasca
935,camminata_tasca
936,camminata_tasca
937,camminata_tasca
938,camminata_tasca
939,camminata_tasca
940,camminata_tasca
941,camminata_tasca
942,camminata_tasca
943,camminata_tasca
944,camminata_tasca
945,camminata_tasca
946,camminata_tasca
947,camminata_tasca
948,camminata_tasca
949,camminata_tasca
950,camminata_tasca
951,camminata_tasca
952,camminata_tasca
953,camminata_tasca
954,camminata_tasca
955,camminata_tasca
956,camminata_tasca
957,camminata_tasca
958,camminata_tasca
959,corsa
960,corsa
961,corsa
962,corsa
963,corsa
964,corsa
965,corsa
966,corsa
967,corsa
968,corsa
969,corsa
970,corsa
971,corsa
972,corsa
973,corsa
974,corsa
975,corsa
976,corsa
977,corsa
978,corsa
979,corsa
980,corsa
981,corsa
982,corsa
983,corsa
984,corsa
985,corsa
986,corsa
987,corsa
988,corsa
989,corsa
990,corsa
991,corsa
992,corsa
993,corsa
994,corsa
995,corsa
996,corsa
997,corsa
998,corsa
999,corsa
1000,corsa
1001,corsa
1002,corsa
1003,corsa
1004,corsa
1005,corsa
1006,corsa
1007,corsa
1008,corsa
1009,corsa
1010,corsa
1011,corsa
1012,corsa
1013,corsa
1014,corsa
1015,corsa
1016,corsa
1017,corsa
1018,corsa
1019,corsa
1020,corsa
1021,corsa
1022,corsa
1023,corsa
1024,corsa
1025,corsa
1026,corsa
1027,corsa
1028,corsa
1029,corsa
1030,corsa
1031,corsa
1032,corsa
1033,corsa
1034,corsa
1035,corsa
1036,corsa
1037,corsa
1038,corsa
1039,corsa
1040,corsa
1041,corsa
1042,corsa
1043,corsa
1044,corsa
1045,corsa
1046,corsa
1047,corsa
1048,corsa
1049,corsa
1050,corsa
1051,corsa
1052,corsa
1053,corsa
1054,corsa
1055,corsa
1056,corsa
1057,corsa
1058,corsa
1059,corsa
1060,corsa
1061,corsa
1062,corsa
1063,corsa
1064,corsa
1065,corsa
1066,corsa
1067,corsa
1068,corsa
1069,corsa
1070,corsa
1071,corsa
1072,corsa
1073,corsa
1074,corsa
1075,corsa
1076,corsa
1077,corsa
1078,corsa
1079,corsa
1080,corsa
1081,corsa
1082,corsa
1083,corsa
1084,corsa
1085,corsa
1086,corsa
1087,corsa
1088,corsa
1089,corsa
1090,corsa
1091,corsa
1092,corsa
1093,corsa
1094,corsa
1095,corsa
1096,corsa
1097,corsa
1098,corsa
1099,corsa
1100,corsa
1101,corsa
1102,corsa
1103,corsa
1104,corsa
1105,corsa
1106,corsa
1107,corsa
1108,corsa
1109,corsa
1110,corsa
1111,corsa
1112,corsa
1113,corsa
1114,corsa
1115,corsa
1116,corsa
1117,corsa
1118,corsa
1119,corsa
1120,corsa
1121,corsa
1122,corsa
1123,corsa
1124,corsa
1125,corsa
1126,corsa
1127,corsa
1128,corsa
1129,corsa
1130,corsa
1131,corsa
1132,corsa
1133,corsa
1134,corsa
1135,corsa
1136,corsa
1137,corsa
1138,corsa
1139,corsa
1140,corsa
1141,corsa
1142,corsa
1143,corsa
1144,corsa
1145,corsa
1146,corsa
1147,corsa
1148,corsa
1149,corsa
1150,corsa
1151,corsa
1152,corsa
1153,corsa
1154,corsa
1155,corsa
1156,corsa
1157,corsa
1158,corsa
1159,corsa
1160,corsa
1161,corsa
1162,corsa
1163,corsa
1164,corsa
1165,corsa
1166,corsa
1167,corsa
1168,corsa
1169,corsa
1170,corsa
1171,corsa
1172,corsa
1173,corsa
1174,corsa
1175,corsa
1176,corsa
1177,corsa
1178,corsa
1179,corsa
1180,corsa
1181,corsa
1182,corsa
1183,corsa
1184,corsa
1185,corsa
1186,corsa
1187,corsa
1188,corsa
1189,corsa
1190,corsa
1191,corsa
1192,corsa
1193,corsa
1194,corsa
1195,corsa
1196,corsa
1197,corsa
1198,corsa
1199,corsa
1200,corsa
1201,corsa
1202,corsa
1203,corsa
1204,corsa
1205,corsa
1206,corsa
1207,corsa
1208,corsa
1209,corsa
1210,corsa
1211,corsa
1212,corsa
1213,corsa
1214,corsa
1215,corsa
1216,corsa
1217,corsa
1218,corsa
1219,corsa
1220,corsa
1221,corsa
1222,corsa
1223,corsa
1224,corsa
1225,corsa
1226,corsa
1227,corsa
1228,corsa
1229,corsa
1230,corsa
1231,corsa
1232,corsa
1233,corsa
1234,corsa
1235,corsa
1236,corsa
1237,corsa
1238,corsa
1239,corsa
1240,corsa
1241,corsa
1242,corsa
1243,corsa
1244,corsa
1245,corsa
1246,corsa
1247,corsa
1248,corsa
1249,corsa
1250,corsa
1251,corsa
1252,corsa
1253,corsa
1254,corsa
1255,corsa
1256,corsa
1257,corsa
1258,corsa
1259,corsa
1260,corsa
1261,corsa
1262,corsa
1263,corsa
1264,corsa
1265,corsa
1266,corsa
1267,corsa
1268,corsa
1269,corsa
1270,corsa
1271,corsa
1272,corsa
1273,corsa
1274,corsa
1275,corsa
1276,corsa
1277,corsa
1278,corsa
1279,corsa
1280,corsa
1281,corsa
1282,corsa
1283,corsa
1284,corsa
1285,corsa
1286,corsa
1287,corsa
1288,corsa
1289,corsa
1290,corsa
1291,corsa
1292,corsa
1293,corsa
1294,corsa
1295,corsa
1296,corsa
1297,corsa
1298,corsa_tasca
1299,corsa_tasca
1300,corsa_tasca
1301,corsa_tasca
1302,corsa_tasca
1303,corsa_tasca
1304,corsa_tasca
1305,corsa_tasca
1306,corsa_tasca
1307,corsa_tasca
1308,corsa_tasca
1309,corsa_tasca
1310,corsa_tasca
1311,corsa_tasca
1312,corsa_tasca
1313,corsa_tasca
1314,corsa_tasca
1315,corsa_tasca
1316,corsa_tasca
1317,corsa_tasca
1318,corsa_tasca
1319,corsa_tasca
1320,corsa_tasca
1321,corsa_tasca
1322,corsa_tasca
1323,corsa_tasca
1324,corsa_tasca
1325,corsa_tasca
1326,corsa_tasca
1327,corsa_tasca
1328,corsa_tasca
1329,corsa_tasca
1330,corsa_tasca
1331,corsa_tasca
1332,corsa_tasca
1333,corsa_tasca
1334,corsa_tasca
1335,corsa_tasca
1336,corsa_tasca
1337,corsa_tasca
1338,corsa_tasca
1339,corsa_tasca
1340,corsa_tasca
1341,corsa_tasca
1342,corsa_tasca
1343,corsa_tasca
1344,corsa_tasca
1345,corsa_tasca
1346,corsa_tasca
1347,corsa_tasca
1348,corsa_tasca
1349,corsa_tasca
1350,corsa_tasca
1351,corsa_tasca
1352,corsa_tasca
1353,corsa_tasca
1354,corsa_tasca
1355,corsa_tasca
1356,corsa_tasca
1357,corsa_tasca
1358,corsa_tasca
1359,corsa_tasca
1360,corsa_tasca
1361,corsa_tasca
1362,corsa_tasca
1363,corsa_tasca
1364,corsa_tasca
1365,corsa_tasca
1366,corsa_tasca
1367,corsa_tasca
1368,corsa_tasca
1369,corsa_tasca
1370,corsa_tasca
1371,corsa_tasca
1372,corsa_tasca
1373,corsa_tasca
1374,corsa_tasca
1375,corsa_tasca
1376,corsa_tasca
1377,corsa_tasca
1378,corsa_tasca
1379,corsa_tasca
1380,corsa_tasca
1381,corsa_tasca
1382,corsa_tasca
1383,corsa_tasca
1384,corsa_tasca
1385,corsa_tasca
1386,corsa_tasca
1387,corsa_tasca
1388,corsa_tasca
1389,corsa_tasca
1390,corsa_tasca
1391,corsa_tasca
1392,corsa_tasca
1393,corsa_tasca
1394,corsa_tasca
1395,corsa_tasca
1396,corsa_tasca
1397,corsa_tasca
1398,corsa_tasca
1399,corsa_tasca
1400,corsa_tasca
1401,corsa_tasca
1402,corsa_tasca
1403,corsa_tasca
1404,corsa_tasca
1405,corsa_tasca
1406,corsa_tasca
1407,corsa_tasca
1408,corsa_tasca
1409,corsa_tasca
1410,corsa_tasca
1411,corsa_tasca
1412,corsa_tasca
1413,corsa_tasca
1414,corsa_tasca
1415,corsa_tasca
1416,corsa_tasca
1417,corsa_tasca
1418,corsa_tasca
1419,corsa_tasca
1420,corsa_tasca
1421,corsa_tasca
1422,corsa_tasca
1423,corsa_tasca
1424,corsa_tasca
1425,corsa_tasca
1426,corsa_tasca
1427,corsa_tasca
1428,corsa_tasca
1429,corsa_tasca
1430,corsa_tasca
1431,corsa_tasca
1432,corsa_tasca
1433,corsa_tasca
1434,corsa_tasca
1435,corsa_tasca
1436,corsa_tasca
1437,corsa_tasca
1438,corsa_tasca
1439,corsa_tasca
1440,corsa_tasca
1441,corsa_tasca
1442,corsa_tasca
1443,corsa_tasca
1444,corsa_tasca
1445,corsa_tasca
1446,corsa_tasca
1447,corsa_tasca
1448,corsa_tasca
1449,corsa_tasca
1450,corsa_tasca
1451,corsa_tasca
1452,corsa_tasca
1453,corsa_tasca
1454,corsa_tasca
1455,corsa_tasca
1456,corsa_tasca
1457,corsa_tasca
1458,corsa_tasca
1459,corsa_tasca
1460,corsa_tasca
1461,corsa_tasca
1462,corsa_tasca
1463,corsa_tasca
1464,corsa_tasca
1465,corsa_tasca
1466,corsa_tasca
1467,corsa_tasca
1468,corsa_tasca
1469,corsa_tasca
1470,corsa_tasca
1471,corsa_tasca
1472,corsa_tasca
1473,corsa_tasca
1474,corsa_tasca
1475,corsa_tasca
1476,corsa_tasca
1477,corsa_tasca
1478,corsa_tasca
1479,corsa_tasca
1480,corsa_tasca
1481,corsa_tasca
1482,corsa_tasca
1483,corsa_tasca
1484,corsa_tasca
1485,corsa_tasca
1486,corsa_tasca
1487,corsa_tasca
1488,corsa_tasca
1489,corsa_tasca
1490,corsa_tasca
1491,corsa_tasca
1492,corsa_tasca
1493,corsa_tasca
1494,corsa_tasca
1495,corsa_tasca
1496,corsa_tasca
1497,corsa_tasca
1498,corsa_tasca
1499,corsa_tasca
1500,corsa_tasca
1501,corsa_tasca
1502,corsa_tasca
1503,corsa_tasca
1504,corsa_tasca
1505,corsa_tasca
1506,corsa_tasca
1507,corsa_tasca
1508,corsa_tasca
1509,corsa_tasca
1510,corsa_tasca
1511,corsa_tasca
1512,corsa_tasca
1513,corsa_tasca
1514,corsa_tasca
1515,corsa_tasca
1516,corsa_tasca
1517,corsa_tasca
1518,corsa_tasca
1519,corsa_tasca
1520,corsa_tasca
1521,corsa_tasca
1522,corsa_tasca
1523,corsa_tasca
1524,corsa_tasca
1525,corsa_tasca
1526,corsa_tasca
1527,corsa_tasca
1528,corsa_tasca
1529,corsa_tasca
1530,corsa_tasca
1531,corsa_tasca
1532,corsa_tasca
1533,corsa_tasca
1534,corsa_tasca
1535,corsa_tasca
1536,corsa_tasca
1537,corsa_tasca
1538,corsa_tasca
1539,corsa_tasca
1540,corsa_tasca
1541,corsa_tasca
1542,corsa_tasca
1543,corsa_tasca
1544,corsa_tasca
1545,corsa_tasca
1546,corsa_tasca
1547,corsa_tasca
1548,corsa_tasca
1549,corsa_tasca
1550,corsa_tasca
1551,corsa_tasca
1552,corsa_tasca
1553,corsa_tasca
1554,corsa_tasca
1555,corsa_tasca
1556,corsa_tasca
1557,corsa_tasca
1558,corsa_tasca
1559,corsa_tasca
1560,corsa_tasca
1561,corsa_tasca
1562,corsa_tasca
1563,corsa_tasca
1564,corsa_tasca
1565,corsa_tasca
1566,corsa_tasca
1567,corsa_tasca
1568,corsa_tasca
1569,corsa_tasca
1570,corsa_tasca
1571,corsa_tasca
1572,corsa_tasca
1573,corsa_tasca
1574,corsa_tasca
1575,corsa_tasca
1576,corsa_tasca
1577,corsa_tasca
1578,corsa_tasca
1579,corsa_tasca
1580,corsa_tasca
1581,corsa_tasca
1582,corsa_tasca
1583,corsa_tasca
1584,corsa_tasca
1585,corsa_tasca
1586,corsa_tasca
1587,corsa_tasca
1588,corsa_tasca
1589,corsa_tasca
1590,corsa_tasca
1591,corsa_tasca
1592,corsa_tasca
1593,corsa_tasca
1594,corsa_tasca
1595,corsa_tasca
1596,corsa_tasca
1597,corsa_tasca
1598,corsa_tasca
1599,corsa_tasca
1600,corsa_tasca
1601,corsa_tasca
1602,corsa_tasca
1603,corsa_tasca
1604,corsa_tasca
1605,corsa_tasca
1606,corsa_tasca
1607,corsa_tasca
1608,corsa_tasca
1609,corsa_tasca
1610,corsa_tasca
1611,corsa_tasca
1612,corsa_tasca
1613,corsa_tasca
1614,corsa_tasca
1615,corsa_tasca
1616,corsa_tasca
1617,corsa_tasca
1618,corsa_tasca
1619,corsa_tasca
1620,corsa_tasca
1621,quotidiano
1622,quotidiano
1623,quotidiano
1624,quotidiano
1625,quotidiano
1626,quotidiano
1627,quotidiano
1628,quotidiano
1629,quotidiano
1630,quotidiano
1631,quotidiano
1632,quotidiano
1633,quotidiano
1634,quotidiano
1635,quotidiano
1636,quotidiano
1637,quotidiano
1638,quotidiano
1639,quotidiano
1640,quotidiano
1641,quotidiano
1642,quotidiano
1643,quotidiano
1644,quotidiano
1645,quotidiano
1646,quotidiano
1647,quotidiano
1648,quotidiano
1649,quotidiano
1650,quotidiano
1651,quotidiano
1652,quotidiano
1653,quotidiano
1654,quotidiano
1655,quotidiano
1656,quotidiano
1657,quotidiano
1658,quotidiano
1659,quotidiano
1660,quotidiano
1661,quotidiano
1662,quotidiano
1663,quotidiano
1664,quotidiano
1665,quotidiano
1666,quotidiano
1667,quotidiano
1668,quotidiano
1669,quotidiano
1670,quotidiano
1671,quotidiano
1672,quotidiano
1673,quotidiano
1674,quotidiano
1675,quotidiano
1676,quotidiano
1677,quotidiano
1678,quotidiano
1679,quotidiano
1680,quotidiano
1681,quotidiano
1682,quotidiano
1683,quotidiano
1684,quotidiano
1685,quotidiano
1686,quotidiano
1687,quotidiano
1688,quotidiano
1689,quotidiano
1690,quotidiano
1691,quotidiano
1692,quotidiano
1693,quotidiano
1694,quotidiano
1695,quotidiano
1696,quotidiano
1697,quotidiano
1698,quotidiano
1699,quotidiano
1700,quotidiano
1701,quotidiano
1702,quotidiano
1703,quotidiano
1704,quotidiano
1705,quotidiano
1706,quotidiano
1707,quotidiano
1708,quotidiano
1709,quotidiano
1710,quotidiano
1711,quotidiano
1712,quotidiano
1713,quotidiano
1714,quotidiano
1715,quotidiano
1716,quotidiano
1717,quotidiano
1718,quotidiano
1719,quotidiano
1720,quotidiano
1721,quotidiano
1722,quotidiano
1723,quotidiano
1724,quotidiano
1725,quotidiano
1726,quotidiano
1727,quotidiano
1728,quotidiano
1729,quotidiano
1730,quotidiano
1731,quotidiano
1732,quotidiano
1733,quotidiano
1734,quotidiano
1735,quotidiano
1736,quotidiano
1737,quotidiano
1738,quotidiano
1739,quotidiano
1740,quotidiano
1741,quotidiano
1742,quotidiano
1743,quotidiano
1744,quotidiano
1745,quotidiano
1746,quotidiano
1747,quotidiano
1748,quotidiano
1749,quotidiano
1750,quotidiano
1751,quotidiano
1752,quotidiano
1753,quotidiano
1754,quotidiano
1755,quotidiano
1756,quotidiano
1757,quotidiano
1758,quotidiano
1759,quotidiano
1760,quotidiano
1761,quotidiano
1762,quotidiano
1763,quotidiano
1764,quotidiano
1765,quotidiano
1766,quotidiano
1767,quotidiano
1768,quotidiano
1769,quotidiano
1770,quotidiano
1771,quotidiano
1772,quotidiano
1773,quotidiano
1774,quotidiano
1775,quotidiano
1776,quotidiano
1777,quotidiano
1778,quotidiano
1779,quotidiano
1780,quotidiano
1781,quotidiano
1782,quotidiano
1783,quotidiano
1784,quotidiano
1785,quotidiano
1786,quotidiano
1787,quotidiano
1788,quotidiano
1789,quotidiano
1790,quotidiano
1791,quotidiano
1792,quotidiano
1793,quotidiano
1794,quotidiano
1795,quotidiano
1796,quotidiano
1797,quotidiano
1798,quotidiano
1799,quotidiano
1800,quotidiano
1801,quotidiano
1802,quotidiano
1803,quotidiano
1804,quotidiano
1805,quotidiano
1806,quotidiano
1807,quotidiano
1808,quotidiano
1809,quotidiano
1810,quotidiano
1811,quotidiano
1812,quotidiano
1813,quotidiano
1814,quotidiano
1815,quotidiano
1816,quotidiano
1817,quotidiano
1818,quotidiano
1819,quotidiano
1820,quotidiano
1821,quotidiano
1822,quotidiano
1823,quotidiano
1824,quotidiano
1825,quotidiano
1826,quotidiano
1827,quotidiano
1828,quotidiano
1829,quotidiano
1830,quotidiano
1831,quotidiano
1832,quotidiano
1833,quotidiano
1834,quotidiano
1835,quotidiano
1836,quotidiano
1837,quotidiano
1838,quotidiano
1839,quotidiano
1840,quotidiano
1841,quotidiano
1842,quotidiano
1843,quotidiano
1844,quotidiano
1845,quotidiano
1846,quotidiano
1847,quotidiano
1848,quotidiano
1849,quotidiano
1850,quotidiano
1851,quotidiano
1852,quotidiano
1853,quotidiano
1854,quotidiano
1855,quotidiano
1856,quotidiano
1857,quotidiano
1858,quotidiano
1859,quotidiano
1860,quotidiano
1861,quotidiano
1862,quotidiano
1863,quotidiano
1864,quotidiano
1865,quotidiano
1866,quotidiano
1867,quotidiano
1868,quotidiano
1869,quotidiano
1870,quotidiano
1871,quotidiano
1872,quotidiano
1873,quotidiano
1874,quotidiano
1875,quotidiano
1876,quotidiano
1877,quotidiano
1878,quotidiano
1879,quotidiano
1880,quotidiano
1881,quotidiano
1882,quotidiano
1883,quotidiano
1884,quotidiano
1885,quotidiano
1886,quotidiano
1887,quotidiano
1888,quotidiano
1889,quotidiano
1890,quotidiano
1891,quotidiano
1892,salti
1893,salti
1894,salti
1895,salti
1896,salti
1897,salti
1898,salti
1899,salti
1900,salti
1901,salti
1902,salti
1903,salti
1904,salti
1905,salti
1906,salti
1907,salti
1908,salti
1909,salti
1910,salti
1911,salti
1912,salti
1913,salti
1914,salti
1915,salti
1916,salti
1917,salti
1918,salti
1919,salti
1920,salti
1921,salti
1922,salti
1923,salti
1924,salti
1925,salti
1926,salti
1927,salti
1928,salti
1929,salti
1930,salti
1931,salti
1932,salti
1933,salti
1934,salti
1935,salti
1936,salti
1937,salti
1938,salti
1939,salti
1940,salti
1941,salti
1942,salti
1943,salti
1944,salti
1945,salti
1946,salti
1947,salti
1948,salti
1949,salti
1950,salti
1951,salti
1952,salti
1953,salti
1954,salti
1955,salti
1956,salti
1957,salti
1958,salti
1959,salti
1960,salti
1961,salti
1962,salti
1963,salti
1964,salti
1965,salti
1966,salti
1967,salti
1968,salti
1969,salti
1970,salti
1971,salti
1972,salti
1973,salti
1974,salti
1975,salti
1976,salti
1977,salti
1978,salti
1979,salti
1980,salti
1981,salti
1982,salti
1983,salti
1984,salti
1985,salti
1986,salti
1987,salti
1988,salti
1989,salti
1990,salti
1991,salti
1992,salti
1993,salti
1994,salti
1995,salti
1996,salti
1997,salti
1998,salti
1999,salti
2000,salti
2001,salti
2002,salti
2003,salti
2004,salti
2005,salti
2006,salti
2007,salti
2008,salti
2009,salti
2010,salti
2011,salti
2012,salti
2013,salti
2014,salti
2015,salti
2016,salti
2017,salti
2018,salti
2019,salti
2020,salti
2021,salti
2022,salti
2023,salti
2024,salti
2025,salti
2026,salti
2027,salti
2028,salti
2029,salti
2030,salti
2031,salti
2032,salti
2033,salti
2034,salti
2035,salti
2036,salti
2037,salti
2038,salti
2039,salti
2040,salti
2041,salti
2042,salti
2043,salti
2044,salti
2045,salti
2046,salti
2047,salti
2048,salti
2049,salti
2050,salti
2051,salti
2052,salti
2053,salti
2054,salti
2055,salti
2056,salti
2057,salti
2058,salti
2059,salti
2060,salti
2061,salti
2062,salti
2063,salti
2064,salti
2065,salti
2066,salti
2067,salti
2068,salti
2069,salti
2070,salti
2071,salti
2072,salti
2073,salti
2074,salti
2075,salti
2076,salti
2077,salti
2078,salti
2079,salti
2080,salti
2081,salti
2082,salti
2083,salti
2084,salti
2085,salti
2086,salti
2087,salti
2088,salti
2089,salti
2090,salti
2091,salti
2092,salti
2093,salti
2094,salti
2095,salti
2096,salti
2097,salti
2098,salti
2099,salti
2100,salti
2101,salti
2102,salti
2103,salti
2104,salti
2105,salti
2106,salti
2107,salti
2108,salti
2109,salti
2110,salti
2111,salti
2112,salti
2113,salti
2114,salti
2115,salti
2116,salti
2117,salti
2118,salti
2119,salti
2120,salti
2121,salti
2122,salti
2123,salti
2124,salti
2125,salti
2126,salti
2127,salti
2128,salti
2129,salti
2130,salti
2131,salti
2132,salti
2133,salti
2134,salti
2135,salti
2136,salti
2137,salti
2138,salti
2139,salti
2140,salti
2141,salti
2142,salti
2143,salti
2144,salti
2145,salti
2146,salti
2147,salti
2148,salti
2149,salti
2150,salti
2151,salti
2152,salti
2153,salti
2154,salti
2155,salti
2156,salti
2157,salti
2158,salti
2159,salti
2160,salti
2161,salti
2162,salti
2163,salti
2164,salti
2165,salti
2166,salti
2167,salti
2168,salti
2169,salti
2170,salti
2171,salti
2172,salti
2173,salti
2174,salti
2175,salti
2176,salti
2177,salti
2178,salti
2179,salti
2180,salti
2181,salti
2182,salti
2183,salti
2184,salti
2185,salti
2186,salti
2187,salti
2188,salti
2189,salti
2190,salti
2191,salti
2192,salti
2193,salti
2194,salti
2195,salti
2196,salti
2197,salti
2198,salti
2199,salti
2200,salti
2201,salti
2202,salti
2203,salti
2204,salti
2205,salti
2206,salti
2207,salti
2208,salti
2209,salti
2210,salti
2211,salti
2212,salti
2213,salti
2214,salti
2215,salti
2216,salti
2217,salti
2218,salti
2219,salti
2220,salti
2221,salti
2222,salti
2223,salti
2224,salti
2225,salti
2226,salti
2227,salti
2228,salti
2229,salti
2230,salti
2231,salti
2232,salti
2233,salti
2234,salti
2235,salti
2236,salti
2237,salti
2238,salti
2239,salti
2240,salti
2241,salti
2242,salti
2243,salti
2244,salti
2245,salti
2246,salti
2247,salti
2248,salti
2249,salti
2250,salti
2251,salti
2252,salti
2253,salti
2254,salti
2255,salti
2256,salti
2257,salti
2258,salti
2259,salti
2260,salti
2261,salti
2262,salti
2263,salti
2264,salti
2265,salti
2266,salti
2267,salti
2268,salti
2269,salti
2270,salti
2271,salti
2272,salti
2273,salti
2274,salti
2275,salti
2276,salti
2277,salti
2278,salti
2279,salti
2280,salti
2281,salti
2282,salti
2283,salti
2284,salti
2285,salti
2286,salti
2287,salti
2288,salti
2289,salti
2290,salti
2291,salti
2292,salti
2293,salti
2294,salti
2295,salti
2296,salti
2297,salti
2298,salti
2299,salti
2300,salti
2301,salti
2302,salti
2303,salti
2304,salti
2305,salti
2306,salti
2307,salti
2308,salti
2309,salti
2310,salti
2311,salti
2312,salti
2313,salti
2314,salti
2315,salti
2316,salti
2317,salti
2318,salti
2319,salti
2320,salti
2321,salti
2322,salti
2323,salti
2324,salti
2325,salti
2326,salti
2327,salti
2328,salti
2329,salti
2330,salti
2331,salti
2332,salti
2333,salti
2334,scale
2335,scale
2336,scale
2337,scale
2338,scale
2339,scale
2340,scale
2341,scale
2342,scale
2343,scale
2344,scale
2345,scale
2346,scale
2347,scale
2348,scale
2349,scale
2350,scale
2351,scale
2352,scale
2353,scale
2354,scale
2355,scale
2356,scale
2357,scale
2358,scale
2359,scale
2360,scale
2361,scale
2362,scale
2363,scale
2364,scale
2365,scale
2366,scale
2367,scale
2368,scale
2369,scale
2370,scale
2371,scale
2372,scale
2373,scale
2374,scale
2375,scale
2376,scale
2377,scale
2378,scale
2379,scale
2380,scale
2381,scale
2382,scale
2383,scale
2384,scale
2385,scale
2386,scale
2387,scale
2388,scale
2389,scale
2390,scale
2391,scale
2392,scale
2393,scale
2394,scale
2395,scale
2396,scale
2397,scale
2398,scale
2399,scale
2400,scale
2401,scale
2402,scale
2403,scale
2404,scale
2405,scale
2406,scale
2407,scale
2408,scale
2409,scale
2410,scale
2411,scale
2412,scale
2413,scale
2414,scale
2415,scale
2416,scale
2417,scale
2418,scale
2419,scale
2420,scale
2421,scale
2422,scale
2423,scale
2424,scale
2425,scale
2426,scale
2427,scale
2428,scale
2429,scale
2430,scale
2431,scale
2432,scale
2433,scale
2434,scale
2435,scale
2436,scale
2437,scale
2438,scale
2439,scale
2440,scale
2441,scale
2442,scale
2443,scale
2444,scale
2445,scale
2446,scale
2447,scale
2448,scale
2449,scale
2450,scale
2451,scale
2452,scale
2453,scale
2454,scale
2455,scale
2456,scale
2457,scale
2458,scale
2459,scale
2460,scale
2461,scale
2462,scale
2463,scale
2464,scale
2465,scale
2466,scale
2467,scale
2468,scale
2469,scale
2470,scale
2471,scale
2472,scale
2473,scale
2474,scale
2475,scale
2476,scale
2477,scale
2478,scale
2479,scale
2480,scale
2481,scale
2482,scale
2483,scale
2484,scale
2485,scale
2486,scale
2487,scale
2488,scale
2489,scale
2490,scale
2491,scale
2492,scale
2493,scale
2494,scale
2495,scale
2496,scale
2497,scale
2498,scale
2499,scale
2500,scale
2501,scale
2502,scale
2503,scale
2504,scale
2505,scale
2506,scale
2507,scale
2508,scale
2509,scale
2510,scale
2511,scale
2512,scale
2513,scale
2514,scale
2515,scale
2516,scale
2517,scale
2518,scale
2519,scale
2520,scale
2521,scale
2522,scale
2523,scale
2524,scale
2525,scale
2526,scale
2527,scale
2528,scale
2529,scale
2530,scale
2531,scale
2532,scale
2533,scale
2534,scale
2535,scale
2536,scale
2537,scale
2538,scale
2539,scale
2540,scale
2541,scale
2542,scale
2543,scale
2544,scale
2545,scale
2546,scale
2547,scale
2548,scale
2549,scale
2550,scale
2551,scale
2552,scale
2553,scale
2554,scale
2555,scale
2556,scale
2557,scale
2558,scale
2559,scale
2560,scale
2561,scale
2562,scale
2563,scale
2564,scale
2565,scale
2566,scale
2567,scale
2568,scale
2569,scale
2570,scale
2571,scale
2572,scale
2573,scale
2574,scale
2575,scale
2576,scale
2577,scale
2578,scale
2579,scale
2580,scale
2581,scale
2582,scale
2583,scale
2584,scale
2585,scale
2586,scale
2587,scale
2588,scale
2589,scale
2590,scale
2591,scale
2592,scale
2593,scale
2594,scale
2595,scale
2596,scale
2597,scale
2598,scale
2599,scale
2600,scale
2601,scale
2602,scale
2603,scale
2604,scale
2605,scale
2606,scale
2607,scale
2608,scale
2609,scale
2610,scale
2611,scale
2612,scale
2613,scale
2614,scale
2615,scale
2616,scale
2617,scale
2618,scale
2619,scale
2620,scale
2621,scale
2622,scale
2623,scale
2624,scale
2625,scale
2626,scale
2627,scale
2628,scale
2629,scale
2630,scale
2631,scale
2632,scale
2633,scale
2634,scale
2635,scale
2636,scale
2637,scale
2638,scale
2639,scale
2640,scale
2641,scale
2642,scale
2643,scale
2644,scale
2645,scale
2646,scale
2647,scale
2648,scale
2649,scale
2650,scale
2651,scale
2652,scale
2653,scale
2654,scale
2655,scale
2656,scale
2657,scale
2658,scale
2659,scale
2660,scale
2661,scale
2662,scale
2663,scale
2664,scale
2665,scale
2666,scale
2667,scale
2668,scale
2669,scale
2670,scale
2671,scale
2672,scale
2673,scale
2674,scale
2675,scale
2676,scale
2677,scale
2678,scale
2679,scale
2680,scale
2681,scale
2682,scale
2683,scale
2684,scale
2685,scale
2686,scale
2687,scale
2688,scale
2689,scale
2690,scale
2691,scale
2692,scale
2693,scale
2694,scale
2695,scale
2696,scale
2697,scale
2698,scale
2699,scale
2700,scale
2701,scale
2702,scale
2703,scale
2704,scale
2705,scale
2706,scale
2707,scale
2708,scale
2709,scale
2710,scale
2711,scale
2712,scale
2713,scale
2714,scale
2715,scale
2716,scale
2717,scale
2718,scale
2719,scale
2720,shake
2721,shake
2722,shake
2723,shake
2724,shake
2725,shake
2726,shake
2727,shake
2728,shake
2729,shake
2730,shake
2731,shake
2732,shake
2733,shake
2734,shake
2735,shake
2736,shake
2737,shake
2738,shake
2739,shake
2740,shake
2741,shake
2742,shake
2743,shake
2744,shake
2745,shake
2746,shake
2747,shake
2748,shake
2749,shake
2750,shake
2751,shake
2752,shake
2753,shake
2754,shake
2755,shake
2756,shake
2757,shake
2758,shake
2759,shake
2760,shake
2761,shake
2762,shake
2763,shake
2764,shake
2765,shake
2766,shake
2767,shake
2768,shake
2769,shake
2770,shake
2771,shake
2772,shake
2773,shake
2774,shake
2775,shake
2776,shake
2777,shake
2778,shake
2779,shake
2780,shake
2781,shake
2782,shake
2783,shake
2784,shake
2785,shake
2786,shake
2787,shake
2788,shake
2789,shake
2790,shake
2791,shake
2792,shake
2793,shake
2794,shake
2795,shake
2796,shake
2797,shake
2798,shake
2799,shake
2800,shake
2801,shake
2802,shake
2803,shake
2804,shake
2805,shake
2806,shake
2807,shake
2808,shake
2809,shake
2810,shake
2811,shake
2812,shake
2813,shake
2814,shake
2815,shake
2816,shake
2817,shake
2818,shake
2819,shake
2820,shake
2821,shake
2822,shake
2823,shake
2824,shake
2825,shake
2826,shake
2827,shake
2828,shake
2829,shake
2830,shake
2831,shake
2832,shake
2833,shake
2834,shake
2835,shake
2836,shake
2837,shake
2838,shake
2839,shake
2840,shake
2841,shake
2842,shake
2843,shake
2844,shake
2845,shake
2846,shake
2847,shake
2848,shake
2849,shake
2850,shake
2851,shake
2852,shake
2853,shake
2854,shake
2855,shake
2856,shake
2857,shake
2858,shake
2859,shake
2860,shake
2861,shake
2862,shake
2863,shake
2864,shake
2865,shake
2866,shake
2867,shake
2868,shake
2869,shake
2870,shake
2871,shake
2872,shake
2873,shake
2874,shake
2875,shake
2876,shake
2877,shake
2878,shake
2879,shake
2880,shake
2881,shake
2882,shake
2883,shake
2884,shake
2885,shake
2886,shake
2887,shake
2888,shake
2889,shake
2890,shake
2891,shake
2892,shake
2893,shake
2894,shake
2895,shake
2896,shake
2897,shake
2898,shake
2899,shake
2900,shake
2901,shake
2902,shake
2903,shake
2904,shake
2905,shake
2906,shake
2907,shake
2908,shake
2909,shake
2910,shake
2911,shake
2912,shake
2913,shake
2914,shake
2915,shake
2916,shake
2917,shake
2918,shake
2919,shake
2920,shake
2921,shake
2922,shake
2923,shake
2924,shake
2925,shake
2926,shake
2927,shake
2928,shake
2929,shake
2930,shake
2931,shake
2932,shake
2933,shake
2934,shake
2935,shake
2936,shake
2937,shake
2938,shake
2939,shake
2940,shake
2941,shake
2942,shake
2943,shake
2944,shake
2945,shake
2946,shake
2947,shake
2948,shake
2949,shake
2950,shake
2951,shake
2952,shake
2953,shake
2954,shake
2955,shake
2956,shake
2957,shake
2958,shake
2959,shake
2960,shake
2961,shake
2962,shake
2963,shake
2964,shake
2965,shake
2966,shake
2967,shake
2968,shake
2969,shake
2970,shake
2971,shake
2972,shake
2973,shake
2974,shake
2975,shake
2976,shake
2977,shake
2978,shake
2979,shake
2980,shake
2981,shake
2982,shake
2983,shake
2984,shake
2985,shake
2986,shake
2987,shake
2988,shake
2989,shake
2990,shake
2991,shake
2992,shake
2993,shake
2994,shake
2995,shake
2996,shake
2997,shake
2998,shake
2999,shake
3000,shake
3001,shake
3002,shake
3003,shake
3004,shake
3005,shake
3006,shake
3007,shake
3008,shake
3009,shake
3010,shake
3011,shake
3012,shake
3013,shake
3014,shake
3015,shake
3016,shake
3017,shake
3018,shake
3019,shake
3020,shake
3021,shake
3022,shake
3023,shake
3024,shake
3025,shake
3026,shake
3027,shake
3028,shake
3029,shake
3030,shake
3031,shake
3032,shake
3033,shake
3034,shake
3035,shake
3036,shake
3037,shake
3038,shake
3039,shake
3040,shake
3041,shake
3042,shake
3043,shake
3044,shake
3045,shake
3046,shake
3047,shake
3048,shake
3049,shake
3050,shake
3051,shake
3052,shake
3053,shake
3054,shake
3055,shake
3056,shake
3057,shake
3058,shake
3059,shake
3060,shake
3061,shake
3062,shake
3063,shake
3064,shake
3065,shake
3066,shake
3067,shake
3068,shake
3069,shake
3070,shake
3071,shake
3072,shake
3073,shake
3074,shake
3075,shake
3076,shake
3077,shake
3078,shake
3079,shake
3080,shake
3081,shake
3082,shake
3083,shake
3084,shake
3085,shake
3086,shake
3087,shake
3088,shake
3089,shake
3090,shake
3091,shake
3092,shake
3093,shake
3094,shake
3095,shake
3096,shake
3097,shake
3098,shake
3099,shake
3100,shake
3101,shake
3102,shake
3103,shake
3104,shake
3105,shake
3106,shake
3107,shake
3108,shake
3109,shake
3110,shake
3111,shake
3112,shake
3113,shake
3114,shake
3115,shake
3116,shake
3117,shake
3118,shake
3119,shake
3120,shake
3121,shake
3122,shake
3123,shake
3124,shake
3125,shake
3126,shake
3127,shake
3128,shake
3129,shake
3130,shake
3131,shake
3132,shake
3133,shake
3134,shake
3135,shake
3136,shake
3137,shake
3138,shake
3139,shake
3140,shake
3141,shake
3142,shake
3143,shake
3144,shake
3145,shake
3146,shake
3147,shake
3148,shake
3149,shake
3150,shake
3151,shake
3152,shake
3153,shake
3154,shake
3155,shake
3156,shake
3157,shake
3158,shake
3159,shake
3160,shake
3161,shake
3162,shake
3163,shake
3164,shake
3165,shake
3166,shake
3167,shake
3168,shake
3169,shake
3170,shake
3171,shake
3172,shake
3173,shake
3174,shake
3175,shake
3176,shake
3177,shake
3178,shake
3179,shake
3180,shake
3181,shake
3182,shake
3183,shake
3184,shake
3185,shake
3186,shake
3187,shake
3188,shake
3189,shake
3190,shake
3191,shake
3192,shake
3193,shake
3194,shake
3195,shake
3196,shake
3197,shake
3198,shake
3199,shake
3200,shake
3201,shake
3202,shake
3203,shake
3204,shake
3205,shake
3206,shake
3207,shake
3208,shake
3209,shake
3210,shake
3211,shake
3212,shake
3213,shake
3214,shake
3215,shake
3216,shake
3217,shake
3218,shake
3219,shake
3220,shake
3221,shake
3222,shake
3223,shake
3224,shake
